Year,Film
2010,The King's Speech
2010,Black Swan
2010,The Fighter
2010,Inception
2010,The Kids Are All Right
2011,The Artist
2011,Bridesmaids
2011,The Guard
2011,Midnight in Paris
2011,The Iron Lady
2012,Django Unchained
2012,Amour
2012,The Master
2012,Moonrise Kingdom
2012,Zero Dark Thirty
2013,American Hustle
2013,Blue Jasmine
2013,Gravity
2013,Inside Llewyn Davis
2013,Nebraska
2014,The Grand Budapest Hotel
2014,Birdman or (The Unexpected Virtue of Ignorance)
2014,Boyhood
2014,Nightcrawler
2014,Whiplash
2015,Spotlight
2015,Bridge of Spies
2015,Ex Machina
2015,The Hateful Eight
2015,Inside Out
2016,Manchester by the Sea
2016,Hell or High Water
2016,"I, Daniel Blake"
2016,La La Land
2016,Moonlight
2017,"Three Billboards Outside Ebbing, Missouri"
2017,Get Out
2017,"I, Tonya"
2017,Lady Bird
2017,The Shape of Water
2018,The Favourite
2018,Cold War
2018,Green Book
2018,Roma
2018,Vice
2019,Parasite
2019,Booksmart
2019,Marriage Story
2019,Knives Out
2019,Once Upon a Time in Hollywood
